Read Number,"Row
time (sec)","Row
time (min)",A:1,A:2,A:3,A:4,A:5,A:6,A:7,A:8,A:9,A:10,A:11,A:12,B:1,B:2,B:3,B:4,B:5,B:6,B:7,B:8,B:9,B:10,B:11,B:12,C:1,C:2,C:3,C:4,C:5,C:6,C:7,C:8,C:9,C:10,C:11,C:12,D:1,D:2,D:3,D:4,D:5,D:6,D:7,D:8,D:9,D:10,D:11,D:12,E:1,E:2,E:3,E:4,E:5,E:6,E:7,E:8,E:9,E:10,E:11,E:12,F:1,F:2,F:3,F:4,F:5,F:6,F:7,F:8,F:9,F:10,F:11,F:12,G:1,G:2,G:3,G:4,G:5,G:6,G:7,G:8,G:9,G:10,G:11,G:12,H:1,H:2,H:3,H:4,H:5,H:6,H:7,H:8,H:9,H:10,H:11,H:12,Part,Loop#,Iteration#
1,0.000,0.000,1.36E+00,2.91E+00,2.84E+00,2.29E-01,2.08E+00,2.40E+00,2.70E+00,2.63E+00,2.54E+00,1.39E+00,2.45E+00,2.42E+00,1.39E+00,3.65E+00,3.64E+00,2.11E-01,3.23E+00,3.27E+00,3.00E+00,3.10E+00,3.15E+00,2.94E+00,3.21E+00,3.16E+00,1.34E+00,4.16E+00,4.14E+00,2.55E-01,3.89E+00,4.04E+00,3.86E+00,3.99E+00,3.95E+00,3.95E+00,3.87E+00,3.84E+00,1.44E+00,4.22E+00,4.09E+00,2.74E-01,3.85E+00,3.81E+00,3.70E+00,3.69E+00,3.85E+00,4.05E+00,4.15E+00,3.84E+00,1.42E+00,3.01E+00,2.76E+00,2.42E-01,2.51E+00,2.53E+00,2.22E+00,2.65E+00,2.34E+00,2.29E+00,2.56E+00,2.23E+00,1.49E+00,2.35E+00,2.14E+00,3.73E-01,1.98E+00,2.14E+00,1.80E+00,2.33E+00,2.22E+00,2.21E+00,2.08E+00,2.22E+00,1.36E+00,4.29E+00,4.24E+00,4.24E+00,4.28E+00,4.22E+00,4.18E+00,4.24E+00,4.26E+00,4.20E+00,4.23E+00,4.16E+00,1.40E+00,4.31E+00,4.27E+00,4.20E+00,4.32E+00,4.25E+00,4.22E+00,4.26E+00,4.24E+00,4.25E+00,4.17E+00,4.25E+00,,1,1
2,58.810,0.980,1.37E+00,3.10E+00,2.99E+00,2.18E-01,2.18E+00,2.56E+00,2.93E+00,2.83E+00,2.73E+00,1.39E+00,2.63E+00,2.63E+00,1.39E+00,3.82E+00,3.80E+00,2.06E-01,3.49E+00,3.56E+00,3.28E+00,3.37E+00,3.41E+00,3.21E+00,3.48E+00,3.45E+00,1.34E+00,4.23E+00,4.22E+00,2.53E-01,4.03E+00,4.14E+00,4.05E+00,4.11E+00,4.08E+00,4.09E+00,4.02E+00,4.03E+00,1.43E+00,4.28E+00,4.16E+00,2.68E-01,3.99E+00,3.96E+00,3.89E+00,3.87E+00,4.05E+00,4.16E+00,4.22E+00,4.08E+00,1.41E+00,3.18E+00,2.89E+00,2.35E-01,2.65E+00,2.65E+00,2.36E+00,2.81E+00,2.48E+00,2.42E+00,2.73E+00,2.36E+00,1.48E+00,2.42E+00,2.20E+00,3.64E-01,2.04E+00,2.21E+00,1.86E+00,2.41E+00,2.29E+00,2.29E+00,2.16E+00,2.31E+00,1.36E+00,4.27E+00,4.29E+00,4.29E+00,4.20E+00,4.24E+00,4.25E+00,4.27E+00,4.25E+00,4.24E+00,4.26E+00,4.27E+00,1.39E+00,4.24E+00,4.24E+00,4.23E+00,4.36E+00,4.32E+00,4.21E+00,4.31E+00,4.26E+00,4.26E+00,4.27E+00,4.28E+00,,1,2
3,118.827,1.980,1.36E+00,3.26E+00,3.18E+00,2.23E-01,2.26E+00,2.75E+00,3.14E+00,3.02E+00,2.95E+00,1.40E+00,2.82E+00,2.82E+00,1.40E+00,3.98E+00,3.99E+00,2.10E-01,3.71E+00,3.79E+00,3.53E+00,3.59E+00,3.65E+00,3.45E+00,3.73E+00,3.73E+00,1.34E+00,4.26E+00,4.25E+00,2.61E-01,4.17E+00,4.25E+00,4.15E+00,4.17E+00,4.27E+00,4.19E+00,4.24E+00,4.17E+00,1.43E+00,4.27E+00,4.24E+00,2.74E-01,4.11E+00,4.10E+00,4.07E+00,4.07E+00,4.15E+00,4.27E+00,4.27E+00,4.25E+00,1.41E+00,3.33E+00,3.03E+00,2.42E-01,2.80E+00,2.77E+00,2.51E+00,2.98E+00,2.62E+00,2.57E+00,2.91E+00,2.49E+00,1.48E+00,2.50E+00,2.28E+00,3.65E-01,2.09E+00,2.29E+00,1.93E+00,2.51E+00,2.38E+00,2.37E+00,2.24E+00,2.40E+00,1.36E+00,4.36E+00,4.28E+00,4.32E+00,4.38E+00,4.26E+00,4.28E+00,4.33E+00,4.24E+00,4.31E+00,4.31E+00,4.35E+00,1.40E+00,4.32E+00,4.26E+00,4.24E+00,4.32E+00,4.37E+00,4.32E+00,4.33E+00,4.26E+00,4.36E+00,4.28E+00,4.35E+00,,1,3
4,178.835,2.981,1.36E+00,3.43E+00,3.34E+00,2.24E-01,2.37E+00,2.92E+00,3.35E+00,3.19E+00,3.14E+00,1.40E+00,2.98E+00,2.99E+00,1.39E+00,4.08E+00,4.04E+00,2.11E-01,3.84E+00,3.95E+00,3.71E+00,3.78E+00,3.82E+00,3.65E+00,3.89E+00,3.92E+00,1.33E+00,4.29E+00,4.27E+00,2.59E-01,4.18E+00,4.22E+00,4.17E+00,4.27E+00,4.24E+00,4.24E+00,4.19E+00,4.26E+00,1.42E+00,4.27E+00,4.21E+00,2.72E-01,4.15E+00,4.11E+00,4.13E+00,4.13E+00,4.21E+00,4.29E+00,4.27E+00,4.22E+00,1.41E+00,3.47E+00,3.17E+00,2.37E-01,2.92E+00,2.88E+00,2.65E+00,3.14E+00,2.75E+00,2.71E+00,3.06E+00,2.61E+00,1.47E+00,2.57E+00,2.33E+00,3.48E-01,2.14E+00,2.35E+00,1.99E+00,2.59E+00,2.45E+00,2.44E+00,2.32E+00,2.49E+00,1.36E+00,4.33E+00,4.28E+00,4.29E+00,4.29E+00,4.32E+00,4.32E+00,4.28E+00,4.26E+00,4.29E+00,4.28E+00,4.24E+00,1.39E+00,4.30E+00,4.26E+00,4.18E+00,4.28E+00,4.29E+00,4.25E+00,4.29E+00,4.28E+00,4.25E+00,4.27E+00,4.24E+00,,1,4
5,238.917,3.982,1.36E+00,3.58E+00,3.49E+00,2.17E-01,2.46E+00,3.07E+00,3.54E+00,3.36E+00,3.32E+00,1.39E+00,3.13E+00,3.15E+00,1.38E+00,4.13E+00,4.11E+00,2.03E-01,3.96E+00,4.03E+00,3.86E+00,3.93E+00,3.93E+00,3.79E+00,4.03E+00,4.06E+00,1.32E+00,4.25E+00,4.28E+00,2.55E-01,4.21E+00,4.28E+00,4.20E+00,4.26E+00,4.28E+00,4.29E+00,4.29E+00,4.23E+00,1.42E+00,4.33E+00,4.22E+00,2.67E-01,4.23E+00,4.22E+00,4.18E+00,4.17E+00,4.30E+00,4.26E+00,4.30E+00,4.24E+00,1.41E+00,3.59E+00,3.31E+00,2.34E-01,3.05E+00,3.01E+00,2.79E+00,3.29E+00,2.87E+00,2.83E+00,3.22E+00,2.74E+00,1.46E+00,2.64E+00,2.39E+00,3.44E-01,2.18E+00,2.42E+00,2.05E+00,2.69E+00,2.53E+00,2.53E+00,2.39E+00,2.58E+00,1.36E+00,4.25E+00,4.27E+00,4.28E+00,4.33E+00,4.33E+00,4.33E+00,4.32E+00,4.29E+00,4.29E+00,4.34E+00,4.25E+00,1.39E+00,4.34E+00,4.22E+00,4.24E+00,4.31E+00,4.30E+00,4.28E+00,4.35E+00,4.33E+00,4.28E+00,4.38E+00,4.29E+00,,1,5
6,298.784,4.980,1.36E+00,3.71E+00,3.63E+00,2.19E-01,2.55E+00,3.20E+00,3.71E+00,3.52E+00,3.47E+00,1.39E+00,3.28E+00,3.30E+00,1.37E+00,4.23E+00,4.12E+00,2.02E-01,4.08E+00,4.16E+00,4.00E+00,4.03E+00,4.04E+00,3.95E+00,4.14E+00,4.18E+00,1.32E+00,4.38E+00,4.38E+00,2.55E-01,4.26E+00,4.40E+00,4.27E+00,4.30E+00,4.29E+00,4.30E+00,4.29E+00,4.26E+00,1.41E+00,4.35E+00,4.27E+00,2.63E-01,4.24E+00,4.24E+00,4.24E+00,4.31E+00,4.30E+00,4.43E+00,4.35E+00,4.33E+00,1.41E+00,3.71E+00,3.43E+00,2.29E-01,3.18E+00,3.12E+00,2.92E+00,3.44E+00,3.01E+00,2.96E+00,3.36E+00,2.87E+00,1.45E+00,2.72E+00,2.46E+00,3.36E-01,2.23E+00,2.49E+00,2.11E+00,2.78E+00,2.63E+00,2.60E+00,2.46E+00,2.66E+00,1.36E+00,4.33E+00,4.29E+00,4.33E+00,4.30E+00,4.29E+00,4.30E+00,4.32E+00,4.28E+00,4.38E+00,4.36E+00,4.35E+00,1.38E+00,4.26E+00,4.31E+00,4.20E+00,4.28E+00,4.36E+00,4.33E+00,4.41E+00,4.38E+00,4.30E+00,4.30E+00,4.29E+00,,1,6
7,358.814,5.980,1.36E+00,3.78E+00,3.72E+00,2.22E-01,2.64E+00,3.31E+00,3.81E+00,3.64E+00,3.59E+00,1.39E+00,3.42E+00,3.42E+00,1.37E+00,4.13E+00,4.11E+00,2.06E-01,4.12E+00,4.09E+00,4.04E+00,4.06E+00,4.08E+00,3.98E+00,4.09E+00,4.15E+00,1.31E+00,4.28E+00,4.27E+00,2.53E-01,4.21E+00,4.20E+00,4.22E+00,4.19E+00,4.20E+00,4.22E+00,4.23E+00,4.20E+00,1.41E+00,4.24E+00,4.26E+00,2.67E-01,4.22E+00,4.15E+00,4.18E+00,4.23E+00,4.27E+00,4.22E+00,4.31E+00,4.20E+00,1.41E+00,3.82E+00,3.51E+00,2.27E-01,3.29E+00,3.23E+00,3.06E+00,3.55E+00,3.12E+00,3.09E+00,3.50E+00,2.98E+00,1.45E+00,2.79E+00,2.52E+00,3.37E-01,2.29E+00,2.56E+00,2.18E+00,2.87E+00,2.70E+00,2.69E+00,2.55E+00,2.75E+00,1.36E+00,4.30E+00,4.21E+00,4.25E+00,4.22E+00,4.20E+00,4.21E+00,4.27E+00,4.18E+00,4.30E+00,4.28E+00,4.30E+00,1.38E+00,4.20E+00,4.21E+00,4.19E+00,4.21E+00,4.24E+00,4.23E+00,4.26E+00,4.28E+00,4.23E+00,4.23E+00,4.26E+00,,1,7
8,418.844,6.981,1.35E+00,3.90E+00,3.85E+00,2.24E-01,2.74E+00,3.46E+00,3.96E+00,3.77E+00,3.72E+00,1.38E+00,3.55E+00,3.56E+00,1.36E+00,4.27E+00,4.14E+00,2.06E-01,4.23E+00,4.20E+00,4.14E+00,4.15E+00,4.18E+00,4.13E+00,4.22E+00,4.26E+00,1.31E+00,4.25E+00,4.30E+00,2.55E-01,4.28E+00,4.31E+00,4.33E+00,4.32E+00,4.34E+00,4.35E+00,4.32E+00,4.32E+00,1.41E+00,4.35E+00,4.34E+00,2.64E-01,4.31E+00,4.25E+00,4.31E+00,4.32E+00,4.33E+00,4.43E+00,4.37E+00,4.31E+00,1.41E+00,3.92E+00,3.66E+00,2.32E-01,3.41E+00,3.34E+00,3.18E+00,3.70E+00,3.24E+00,3.21E+00,3.64E+00,3.10E+00,1.45E+00,2.86E+00,2.59E+00,3.32E-01,2.34E+00,2.62E+00,2.25E+00,2.97E+00,2.78E+00,2.76E+00,2.62E+00,2.83E+00,1.36E+00,4.34E+00,4.35E+00,4.33E+00,4.36E+00,4.36E+00,4.40E+00,4.36E+00,4.31E+00,4.30E+00,4.44E+00,4.30E+00,1.38E+00,4.30E+00,4.37E+00,4.28E+00,4.37E+00,4.31E+00,4.31E+00,4.31E+00,4.38E+00,4.46E+00,4.39E+00,4.32E+00,,1,8
9,478.926,7.982,1.34E+00,3.99E+00,3.95E+00,2.24E-01,2.84E+00,3.58E+00,4.08E+00,3.89E+00,3.85E+00,1.38E+00,3.67E+00,3.69E+00,1.35E+00,4.31E+00,4.18E+00,2.07E-01,4.23E+00,4.23E+00,4.20E+00,4.20E+00,4.18E+00,4.12E+00,4.26E+00,4.29E+00,1.31E+00,4.35E+00,4.31E+00,2.51E-01,4.29E+00,4.37E+00,4.31E+00,4.34E+00,4.33E+00,4.36E+00,4.26E+00,4.42E+00,1.41E+00,4.38E+00,4.36E+00,2.73E-01,4.30E+00,4.31E+00,4.29E+00,4.32E+00,4.32E+00,4.33E+00,4.33E+00,4.32E+00,1.41E+00,3.99E+00,3.73E+00,2.26E-01,3.52E+00,3.44E+00,3.30E+00,3.82E+00,3.36E+00,3.32E+00,3.75E+00,3.21E+00,1.44E+00,2.93E+00,2.64E+00,3.34E-01,2.40E+00,2.69E+00,2.31E+00,3.05E+00,2.86E+00,2.83E+00,2.70E+00,2.92E+00,1.36E+00,4.33E+00,4.35E+00,4.38E+00,4.34E+00,4.37E+00,4.35E+00,4.32E+00,4.33E+00,4.35E+00,4.34E+00,4.39E+00,1.38E+00,4.37E+00,4.36E+00,4.23E+00,4.30E+00,4.39E+00,4.34E+00,4.45E+00,4.32E+00,4.43E+00,4.37E+00,4.34E+00,,1,9
10,538.958,8.983,1.33E+00,4.01E+00,3.99E+00,2.21E-01,2.93E+00,3.68E+00,4.05E+00,3.93E+00,3.92E+00,1.37E+00,3.75E+00,3.79E+00,1.35E+00,4.26E+00,4.11E+00,2.09E-01,4.17E+00,4.18E+00,4.18E+00,4.16E+00,4.20E+00,4.15E+00,4.25E+00,4.26E+00,1.30E+00,4.31E+00,4.29E+00,2.50E-01,4.24E+00,4.27E+00,4.23E+00,4.24E+00,4.23E+00,4.25E+00,4.22E+00,4.28E+00,1.40E+00,4.29E+00,4.28E+00,2.67E-01,4.20E+00,4.32E+00,4.22E+00,4.22E+00,4.30E+00,4.31E+00,4.37E+00,4.22E+00,1.41E+00,4.03E+00,3.79E+00,2.25E-01,3.60E+00,3.53E+00,3.42E+00,3.89E+00,3.45E+00,3.42E+00,3.81E+00,3.32E+00,1.44E+00,3.00E+00,2.71E+00,3.24E-01,2.44E+00,2.75E+00,2.37E+00,3.14E+00,2.92E+00,2.90E+00,2.76E+00,2.98E+00,1.36E+00,4.27E+00,4.27E+00,4.25E+00,4.27E+00,4.23E+00,4.31E+00,4.27E+00,4.27E+00,4.29E+00,4.31E+00,4.32E+00,1.38E+00,4.29E+00,4.28E+00,4.15E+00,4.29E+00,4.27E+00,4.24E+00,4.31E+00,4.27E+00,4.24E+00,4.33E+00,4.33E+00,,1,10
11,598.949,9.982,1.33E+00,4.09E+00,4.13E+00,2.29E-01,3.03E+00,3.79E+00,4.13E+00,4.04E+00,3.98E+00,1.37E+00,3.86E+00,3.88E+00,1.34E+00,4.35E+00,4.17E+00,2.09E-01,4.24E+00,4.29E+00,4.21E+00,4.26E+00,4.28E+00,4.19E+00,4.31E+00,4.30E+00,1.30E+00,4.33E+00,4.35E+00,2.53E-01,4.27E+00,4.31E+00,4.31E+00,4.31E+00,4.42E+00,4.33E+00,4.32E+00,4.38E+00,1.41E+00,4.48E+00,4.39E+00,2.67E-01,4.36E+00,4.32E+00,4.28E+00,4.35E+00,4.34E+00,4.40E+00,4.40E+00,4.39E+00,1.42E+00,4.11E+00,3.91E+00,2.30E-01,3.70E+00,3.64E+00,3.54E+00,3.99E+00,3.58E+00,3.51E+00,3.91E+00,3.42E+00,1.43E+00,3.07E+00,2.77E+00,3.24E-01,2.50E+00,2.82E+00,2.45E+00,3.23E+00,3.00E+00,2.98E+00,2.84E+00,3.07E+00,1.36E+00,4.35E+00,4.37E+00,4.38E+00,4.36E+00,4.34E+00,4.39E+00,4.38E+00,4.28E+00,4.45E+00,4.39E+00,4.40E+00,1.37E+00,4.36E+00,4.27E+00,4.31E+00,4.39E+00,4.39E+00,4.33E+00,4.41E+00,4.37E+00,4.32E+00,4.29E+00,4.32E+00,,1,11
12,658.953,10.983,1.33E+00,4.17E+00,4.15E+00,2.23E-01,3.12E+00,3.89E+00,4.18E+00,4.08E+00,4.09E+00,1.36E+00,3.95E+00,3.97E+00,1.33E+00,4.38E+00,4.22E+00,2.10E-01,4.34E+00,4.24E+00,4.30E+00,4.25E+00,4.23E+00,4.28E+00,4.33E+00,4.37E+00,1.29E+00,4.42E+00,4.35E+00,2.52E-01,4.34E+00,4.41E+00,4.27E+00,4.40E+00,4.39E+00,4.36E+00,4.36E+00,4.38E+00,1.40E+00,4.38E+00,4.44E+00,2.65E-01,4.26E+00,4.35E+00,4.31E+00,4.37E+00,4.33E+00,4.39E+00,4.47E+00,4.37E+00,1.41E+00,4.18E+00,4.03E+00,2.24E-01,3.80E+00,3.73E+00,3.62E+00,4.04E+00,3.68E+00,3.61E+00,4.02E+00,3.51E+00,1.43E+00,3.14E+00,2.83E+00,3.21E-01,2.55E+00,2.87E+00,2.51E+00,3.31E+00,3.07E+00,3.04E+00,2.91E+00,3.14E+00,1.36E+00,4.35E+00,4.35E+00,4.39E+00,4.43E+00,4.31E+00,4.38E+00,4.44E+00,4.32E+00,4.40E+00,4.39E+00,4.39E+00,1.37E+00,4.31E+00,4.34E+00,4.31E+00,4.35E+00,4.43E+00,4.36E+00,4.34E+00,4.40E+00,4.31E+00,4.38E+00,4.40E+00,,1,12
13,719.008,11.983,1.32E+00,4.19E+00,4.13E+00,2.23E-01,3.21E+00,3.94E+00,4.21E+00,4.13E+00,4.10E+00,1.36E+00,3.98E+00,3.99E+00,1.33E+00,4.29E+00,4.17E+00,2.09E-01,4.27E+00,4.25E+00,4.30E+00,4.24E+00,4.23E+00,4.21E+00,4.32E+00,4.27E+00,1.29E+00,4.30E+00,4.30E+00,2.52E-01,4.28E+00,4.26E+00,4.31E+00,4.28E+00,4.35E+00,4.32E+00,4.33E+00,4.38E+00,1.40E+00,4.34E+00,4.38E+00,2.68E-01,4.35E+00,4.28E+00,4.27E+00,4.30E+00,4.32E+00,4.41E+00,4.36E+00,4.40E+00,1.42E+00,4.18E+00,4.06E+00,2.27E-01,3.86E+00,3.78E+00,3.72E+00,4.05E+00,3.75E+00,3.69E+00,4.07E+00,3.58E+00,1.43E+00,3.18E+00,2.88E+00,3.15E-01,2.61E+00,2.94E+00,2.57E+00,3.40E+00,3.13E+00,3.11E+00,2.97E+00,3.20E+00,1.36E+00,4.41E+00,4.30E+00,4.31E+00,4.37E+00,4.31E+00,4.34E+00,4.36E+00,4.35E+00,4.37E+00,4.30E+00,4.38E+00,1.38E+00,4.27E+00,4.31E+00,4.23E+00,4.34E+00,4.32E+00,4.31E+00,4.32E+00,4.31E+00,4.37E+00,4.35E+00,4.37E+00,,1,13
14,779.028,12.984,1.32E+00,4.15E+00,4.15E+00,2.21E-01,3.26E+00,4.00E+00,4.24E+00,4.17E+00,4.13E+00,1.35E+00,4.05E+00,4.05E+00,1.32E+00,4.28E+00,4.18E+00,2.09E-01,4.28E+00,4.27E+00,4.33E+00,4.25E+00,4.30E+00,4.27E+00,4.32E+00,4.35E+00,1.28E+00,4.31E+00,4.31E+00,2.53E-01,4.24E+00,4.32E+00,4.30E+00,4.35E+00,4.35E+00,4.34E+00,4.32E+00,4.34E+00,1.40E+00,4.35E+00,4.39E+00,2.59E-01,4.31E+00,4.30E+00,4.27E+00,4.32E+00,4.37E+00,4.40E+00,4.43E+00,4.33E+00,1.41E+00,4.21E+00,4.08E+00,2.26E-01,3.92E+00,3.82E+00,3.80E+00,4.09E+00,3.83E+00,3.75E+00,4.08E+00,3.67E+00,1.42E+00,3.24E+00,2.94E+00,3.10E-01,2.65E+00,3.01E+00,2.63E+00,3.47E+00,3.20E+00,3.16E+00,3.02E+00,3.26E+00,1.35E+00,4.37E+00,4.31E+00,4.28E+00,4.32E+00,4.37E+00,4.36E+00,4.24E+00,4.29E+00,4.39E+00,4.41E+00,4.35E+00,1.37E+00,4.33E+00,4.32E+00,4.19E+00,4.37E+00,4.29E+00,4.31E+00,4.38E+00,4.35E+00,4.37E+00,4.36E+00,4.30E+00,,1,14
15,839.088,13.985,1.31E+00,4.18E+00,4.18E+00,2.22E-01,3.31E+00,4.03E+00,4.22E+00,4.15E+00,4.21E+00,1.35E+00,4.05E+00,4.08E+00,1.32E+00,4.33E+00,4.18E+00,2.16E-01,4.22E+00,4.29E+00,4.23E+00,4.23E+00,4.24E+00,4.29E+00,4.26E+00,4.31E+00,1.27E+00,4.30E+00,4.32E+00,2.51E-01,4.23E+00,4.32E+00,4.26E+00,4.30E+00,4.37E+00,4.29E+00,4.29E+00,4.28E+00,1.39E+00,4.37E+00,4.27E+00,2.65E-01,4.30E+00,4.27E+00,4.26E+00,4.33E+00,4.26E+00,4.40E+00,4.37E+00,4.34E+00,1.41E+00,4.16E+00,4.11E+00,2.19E-01,3.96E+00,3.87E+00,3.83E+00,4.12E+00,3.87E+00,3.82E+00,4.12E+00,3.74E+00,1.41E+00,3.28E+00,2.99E+00,3.02E-01,2.70E+00,3.06E+00,2.69E+00,3.53E+00,3.25E+00,3.22E+00,3.08E+00,3.32E+00,1.35E+00,4.36E+00,4.26E+00,4.34E+00,4.32E+00,4.37E+00,4.25E+00,4.33E+00,4.28E+00,4.32E+00,4.29E+00,4.36E+00,1.37E+00,4.34E+00,4.30E+00,4.20E+00,4.29E+00,4.35E+00,4.29E+00,4.31E+00,4.30E+00,4.31E+00,4.28E+00,4.26E+00,,1,15
16,899.111,14.985,1.31E+00,4.19E+00,4.19E+00,2.26E-01,3.34E+00,4.01E+00,4.19E+00,4.14E+00,4.16E+00,1.35E+00,4.10E+00,4.08E+00,1.31E+00,4.27E+00,4.16E+00,2.13E-01,4.27E+00,4.20E+00,4.23E+00,4.23E+00,4.24E+00,4.26E+00,4.26E+00,4.32E+00,1.28E+00,4.26E+00,4.26E+00,2.55E-01,4.23E+00,4.25E+00,4.27E+00,4.30E+00,4.33E+00,4.25E+00,4.25E+00,4.28E+00,1.39E+00,4.29E+00,4.32E+00,2.63E-01,4.22E+00,4.23E+00,4.25E+00,4.23E+00,4.28E+00,4.26E+00,4.29E+00,4.31E+00,1.40E+00,4.18E+00,4.10E+00,2.23E-01,4.00E+00,3.92E+00,3.87E+00,4.14E+00,3.90E+00,3.86E+00,4.13E+00,3.78E+00,1.41E+00,3.33E+00,3.05E+00,3.00E-01,2.74E+00,3.11E+00,2.75E+00,3.60E+00,3.31E+00,3.27E+00,3.13E+00,3.37E+00,1.35E+00,4.28E+00,4.29E+00,4.26E+00,4.31E+00,4.30E+00,4.29E+00,4.32E+00,4.26E+00,4.28E+00,4.29E+00,4.26E+00,1.37E+00,4.28E+00,4.26E+00,4.18E+00,4.30E+00,4.25E+00,4.26E+00,4.24E+00,4.25E+00,4.32E+00,4.25E+00,4.29E+00,,1,16
17,959.095,15.985,1.31E+00,4.33E+00,4.28E+00,2.31E-01,3.40E+00,4.18E+00,4.29E+00,4.25E+00,4.25E+00,1.35E+00,4.17E+00,4.18E+00,1.31E+00,4.36E+00,4.25E+00,2.20E-01,4.38E+00,4.34E+00,4.30E+00,4.34E+00,4.29E+00,4.35E+00,4.31E+00,4.41E+00,1.27E+00,4.42E+00,4.33E+00,2.54E-01,4.35E+00,4.31E+00,4.32E+00,4.36E+00,4.42E+00,4.41E+00,4.38E+00,4.43E+00,1.39E+00,4.49E+00,4.32E+00,2.69E-01,4.41E+00,4.37E+00,4.31E+00,4.33E+00,4.37E+00,4.46E+00,4.46E+00,4.40E+00,1.40E+00,4.34E+00,4.24E+00,2.22E-01,4.08E+00,3.98E+00,3.98E+00,4.23E+00,3.99E+00,3.97E+00,4.20E+00,3.86E+00,1.40E+00,3.40E+00,3.11E+00,3.04E-01,2.79E+00,3.18E+00,2.81E+00,3.68E+00,3.38E+00,3.34E+00,3.19E+00,3.43E+00,1.35E+00,4.36E+00,4.34E+00,4.42E+00,4.37E+00,4.36E+00,4.40E+00,4.39E+00,4.33E+00,4.44E+00,4.45E+00,4.38E+00,1.37E+00,4.41E+00,4.33E+00,4.25E+00,4.41E+00,4.37E+00,4.34E+00,4.48E+00,4.34E+00,4.42E+00,4.36E+00,4.35E+00,,1,17
18,1019.108,16.985,1.31E+00,4.24E+00,4.20E+00,2.22E-01,3.45E+00,4.15E+00,4.19E+00,4.27E+00,4.21E+00,1.35E+00,4.15E+00,4.20E+00,1.31E+00,4.30E+00,4.24E+00,2.13E-01,4.26E+00,4.28E+00,4.27E+00,4.33E+00,4.25E+00,4.26E+00,4.39E+00,4.31E+00,1.26E+00,4.28E+00,4.35E+00,2.52E-01,4.32E+00,4.29E+00,4.28E+00,4.29E+00,4.39E+00,4.32E+00,4.34E+00,4.32E+00,1.38E+00,4.33E+00,4.31E+00,2.64E-01,4.31E+00,4.30E+00,4.29E+00,4.38E+00,4.37E+00,4.34E+00,4.37E+00,4.33E+00,1.40E+00,4.29E+00,4.21E+00,2.20E-01,4.08E+00,3.96E+00,3.97E+00,4.19E+00,4.03E+00,3.97E+00,4.16E+00,3.94E+00,1.40E+00,3.42E+00,3.17E+00,3.02E-01,2.84E+00,3.23E+00,2.87E+00,3.71E+00,3.43E+00,3.38E+00,3.25E+00,3.48E+00,1.36E+00,4.36E+00,4.28E+00,4.30E+00,4.33E+00,4.31E+00,4.33E+00,4.33E+00,4.31E+00,4.38E+00,4.35E+00,4.41E+00,1.36E+00,4.32E+00,4.31E+00,4.17E+00,4.40E+00,4.38E+00,4.38E+00,4.32E+00,4.32E+00,4.37E+00,4.36E+00,4.25E+00,,1,18
19,1079.149,17.986,1.31E+00,4.26E+00,4.23E+00,2.31E-01,3.49E+00,4.17E+00,4.23E+00,4.20E+00,4.24E+00,1.34E+00,4.20E+00,4.17E+00,1.30E+00,4.33E+00,4.18E+00,2.13E-01,4.32E+00,4.25E+00,4.30E+00,4.31E+00,4.30E+00,4.27E+00,4.35E+00,4.32E+00,1.26E+00,4.31E+00,4.43E+00,2.49E-01,4.26E+00,4.27E+00,4.32E+00,4.34E+00,4.30E+00,4.32E+00,4.28E+00,4.38E+00,1.38E+00,4.36E+00,4.29E+00,2.66E-01,4.27E+00,4.26E+00,4.31E+00,4.29E+00,4.34E+00,4.36E+00,4.35E+00,4.32E+00,1.40E+00,4.20E+00,4.20E+00,2.24E-01,4.08E+00,4.05E+00,4.01E+00,4.21E+00,4.07E+00,4.08E+00,4.17E+00,3.98E+00,1.40E+00,3.47E+00,3.23E+00,2.96E-01,2.88E+00,3.29E+00,2.93E+00,3.75E+00,3.47E+00,3.44E+00,3.31E+00,3.55E+00,1.35E+00,4.32E+00,4.32E+00,4.32E+00,4.33E+00,4.30E+00,4.27E+00,4.30E+00,4.28E+00,4.33E+00,4.35E+00,4.34E+00,1.36E+00,4.30E+00,4.28E+00,4.29E+00,4.31E+00,4.29E+00,4.26E+00,4.33E+00,4.27E+00,4.28E+00,4.37E+00,4.32E+00,,1,19
20,1139.247,18.987,1.30E+00,4.21E+00,4.26E+00,2.18E-01,3.54E+00,4.17E+00,4.27E+00,4.22E+00,4.23E+00,1.33E+00,4.16E+00,4.19E+00,1.30E+00,4.31E+00,4.23E+00,2.16E-01,4.26E+00,4.31E+00,4.27E+00,4.26E+00,4.27E+00,4.25E+00,4.33E+00,4.26E+00,1.26E+00,4.34E+00,4.29E+00,2.49E-01,4.20E+00,4.27E+00,4.30E+00,4.25E+00,4.31E+00,4.31E+00,4.30E+00,4.31E+00,1.38E+00,4.31E+00,4.34E+00,2.63E-01,4.32E+00,4.22E+00,4.22E+00,4.26E+00,4.30E+00,4.35E+00,4.28E+00,4.31E+00,1.39E+00,4.28E+00,4.25E+00,2.29E-01,4.14E+00,4.04E+00,4.07E+00,4.19E+00,4.05E+00,4.02E+00,4.21E+00,3.99E+00,1.40E+00,3.51E+00,3.28E+00,2.91E-01,2.93E+00,3.35E+00,2.99E+00,3.78E+00,3.54E+00,3.49E+00,3.35E+00,3.59E+00,1.35E+00,4.26E+00,4.25E+00,4.33E+00,4.32E+00,4.31E+00,4.31E+00,4.28E+00,4.30E+00,4.35E+00,4.37E+00,4.25E+00,1.36E+00,4.23E+00,4.31E+00,4.16E+00,4.29E+00,4.32E+00,4.28E+00,4.30E+00,4.35E+00,4.27E+00,4.36E+00,4.31E+00,,1,20
